{
	"mapZoom": 15,
	"offsetX": 100,
	"offsetY": 10,
  "markerAddress": "6.2426311,-75.59400"
}
