{
	"mapZoom": 15,
	"offsetX": 100,
	"offsetY": 10,
	"markerAddress": "6.2428265,-75.5935814"
}
